<?xml version="1.0" encoding="UTF-8"?>
<application-client version="7" xmlns="http://xmlns.jcp.org/xml/ns/javaee" xmlns:xsi="http://www.w3.org/2001/XMLSchema-instance" xsi:schemaLocation="http://xmlns.jcp.org/xml/ns/javaee http://xmlns.jcp.org/xml/ns/javaee/application-client_7.xsd">
  <display-name>EnterpriseApplicationClient</display-name>
  <ejb-ref>
    <ejb-ref-name>EntityClassFacade</ejb-ref-name>
    <ejb-ref-type>Session</ejb-ref-type>
    <remote>sessionBean.EntityClassFacadeRemote</remote>
  </ejb-ref>
</application-client>
