<?xml version="1.0" encoding="UTF-8"?>
<project-private xmlns="http://www.netbeans.org/ns/project-private/1">
    <editor-bookmarks xmlns="http://www.netbeans.org/ns/editor-bookmarks/2" lastBookmarkId="1">
        <file>
            <url>src/java/Client/Main.java</url>
            <bookmark id="1">
                <name/>
                <line>43</line>
                <key/>
            </bookmark>
        </file>
    </editor-bookmarks>
    <open-files xmlns="http://www.netbeans.org/ns/projectui-open-files/2">
        <group>
            <file>file:/home/reyes/7.-Sexto-semestre/WIP/EJB/YetAnotherOne/EntAppClient/src/java/Client/AuctionController.java</file>
            <file>file:/home/reyes/7.-Sexto-semestre/WIP/EJB/YetAnotherOne/EntAppClient/src/java/Client/Model.java</file>
            <file>file:/home/reyes/7.-Sexto-semestre/WIP/EJB/YetAnotherOne/EntAppClient/src/java/Client/ControllerMediator.java</file>
            <file>file:/home/reyes/7.-Sexto-semestre/WIP/EJB/YetAnotherOne/EntAppClient/src/java/Client/RegisterView.fxml</file>
            <file>file:/home/reyes/7.-Sexto-semestre/WIP/EJB/YetAnotherOne/EntAppClient/src/java/Client/Main.java</file>
            <file>file:/home/reyes/7.-Sexto-semestre/WIP/EJB/YetAnotherOne/EntAppClient/src/java/Client/SceneMediator.java</file>
        </group>
    </open-files>
</project-private>
