<?xml version="1.0" encoding="UTF-8"?>
<project-private xmlns="http://www.netbeans.org/ns/project-private/1">
    <editor-bookmarks xmlns="http://www.netbeans.org/ns/editor-bookmarks/2" lastBookmarkId="0"/>
    <open-files xmlns="http://www.netbeans.org/ns/projectui-open-files/2">
        <group>
            <file>file:/home/reyes/7.-Sexto-semestre/WIP/EJB/YetAnotherOne/EntAppEJB/EntAppEJB-ejb/src/java/sessionBean/SessionBeanHome.java</file>
            <file>file:/home/reyes/7.-Sexto-semestre/WIP/EJB/YetAnotherOne/EntAppEJB/EntAppEJB-ejb/src/java/entityBean/EntityClass.java</file>
            <file>file:/home/reyes/7.-Sexto-semestre/WIP/EJB/YetAnotherOne/EntAppEJB/EntAppEJB-ejb/src/java/sessionBean/SessionBean.java</file>
        </group>
    </open-files>
</project-private>
