<?xml version="1.0" encoding="UTF-8"?>
<project-private xmlns="http://www.netbeans.org/ns/project-private/1">
    <editor-bookmarks xmlns="http://www.netbeans.org/ns/editor-bookmarks/2" lastBookmarkId="0"/>
    <open-files xmlns="http://www.netbeans.org/ns/projectui-open-files/2">
        <group>
            <file>file:/home/reyes/7.-Sexto-semestre/WIP/EJB/YetAnotherOne/EJBRemoteInterface/src/entityBean/EntityClassHome.java</file>
            <file>file:/home/reyes/7.-Sexto-semestre/WIP/EJB/YetAnotherOne/EJBRemoteInterface/src/entityBean/EntityClassRemote.java</file>
            <file>file:/home/reyes/7.-Sexto-semestre/WIP/EJB/YetAnotherOne/EJBRemoteInterface/src/RemoteObjects/Offer.java</file>
            <file>file:/home/reyes/7.-Sexto-semestre/WIP/EJB/YetAnotherOne/EJBRemoteInterface/src/sessionBean/EntityClassFacadeRemote.java</file>
        </group>
    </open-files>
</project-private>
